rank,name,team,conference,position,class_year,height,season,games_played,ortg,pct_poss,efg_pct,ts_pct,three_pt_rate,ft_rate,ppg,rpg,apg,ast_rate,to_rate,or_pct,dr_pct,fc_per_40,minutes_pct
1,Oscar Cluff,South Dakota St.,,,Sr,6-11,2025,0,129.7,29.0,62.6,66.6,0.0,55.1,0.0,0.0,0.0,0.0,0.0,17.2,32.4,0.0,0.0
2,Graham Ike,Gonzaga,,,Sr,6-9,2025,0,125.1,30.1,0.0,0.0,30.4,0.0,0.0,0.0,0.0,0.0,0.0,0.0,24.7,0.0,0.0
3,Aniwaniwa Tait-Jones,UC San Diego,,,Sr,6-6,2025,0,124.9,30.8,0.0,64.7,0.0,79.8,0.0,0.0,0.0,0.0,0.0,0.0,0.0,0.0,0.0
4,Cooper Flagg,Duke,,,Fr,6-9,2025,0,123.0,30.8,0.0,0.0,30.0,0.0,0.0,0.0,0.0,0.0,0.0,0.0,0.0,0.0,0.0
5,Jacksen Moni,North Dakota St.,,,Sr,6-10,2025,0,121.1,32.1,0.0,62.9,32.2,0.0,0.0,0.0,0.0,0.0,0.0,0.0,0.0,0.0,0.0
6,Dylan Darling,Idaho St.,,,So,6-1,2025,0,120.9,28.9,0.0,0.0,0.0,54.5,0.0,0.0,0.0,35.4,0.0,0.0,0.0,0.0,0.0
7,JT Toppin,Texas Tech,,,So,6-9,2025,0,120.0,30.2,0.0,0.0,32.6,0.0,0.0,0.0,0.0,0.0,0.0,13.9,26.0,0.0,0.0
8,Tylan Pope,Texas St.,,,Sr,6-6,2025,0,119.1,28.8,0.0,0.0,29.8,0.0,0.0,0.0,0.0,0.0,0.0,0.0,0.0,0.0,0.0
9,Chase Walker,Illinois St.,,,So,6-9,2025,0,118.8,32.4,0.0,0.0,0.0,0.0,0.0,0.0,0.0,0.0,0.0,13.6,0.0,0.0,0.0
10,Johni Broome,Auburn,,,Sr,6-10,2025,0,118.5,30.7,0.0,0.0,30.9,0.0,0.0,0.0,0.0,0.0,0.0,14.1,26.1,0.0,0.0
11,Trey Kaufman-Renn,Purdue,,,Jr,6-9,2025,0,118.1,31.1,59.8,0.0,31.5,0.0,0.0,0.0,0.0,0.0,0.0,0.0,0.0,0.0,0.0
12,Kam Jones,Marquette,,,Sr,6-5,2025,0,118.1,29.1,0.0,0.0,31.0,0.0,0.0,0.0,0.0,38.2,0.0,0.0,0.0,0.0,0.0
13,Eric Dixon,Villanova,,,Sr,6-8,2025,0,116.7,32.8,0.0,0.0,35.2,0.0,0.0,0.0,0.0,0.0,0.0,0.0,0.0,0.0,0.0
14,Dylan Harper,Rutgers,,,Fr,6-6,2025,0,115.2,28.8,0.0,0.0,0.0,0.0,0.0,0.0,0.0,0.0,0.0,0.0,0.0,0.0,0.0
15,Malik Thomas,San Francisco,,,Sr,6-5,2025,0,115.1,28.7,0.0,0.0,29.8,0.0,0.0,0.0,0.0,0.0,0.0,0.0,0.0,0.0,0.0
16,Jack Karasinski,Bellarmine,,,Jr,6-7,2025,0,114.6,30.1,0.0,0.0,33.6,0.0,0.0,0.0,0.0,0.0,0.0,0.0,0.0,0.0,0.0
17,Matt Rogers,American,,,Sr,6-9,2025,0,113.5,29.2,62.8,64.3,32.6,0.0,0.0,0.0,0.0,0.0,0.0,0.0,0.0,0.0,0.0
18,Jemel Jones,Cal St. Bakersfield,,,Jr,6-4,2025,0,113.5,34.3,0.0,0.0,39.2,0.0,0.0,0.0,0.0,0.0,0.0,0.0,0.0,0.0,0.0
19,Tavion Banks,Drake,,,Jr,6-7,2025,0,113.3,28.8,0.0,0.0,0.0,0.0,0.0,0.0,0.0,0.0,0.0,14.3,0.0,0.0,0.0
20,PJ Haggerty,Memphis,,,So,6-3,2025,0,113.2,0.0,0.0,0.0,0.0,0.0,0.0,0.0,0.0,0.0,0.0,0.0,0.0,0.0,90.7
21,Xaivian Lee,Princeton,,,Jr,6-4,2025,0,113.1,29.2,0.0,0.0,0.0,0.0,0.0,0.0,0.0,36.8,0.0,0.0,0.0,0.0,0.0
22,Javon Small,West Virginia,,,Sr,6-3,2025,0,113.0,28.7,0.0,0.0,0.0,0.0,0.0,0.0,0.0,35.2,0.0,0.0,0.0,1.66,88.8
23,Donovan Dent,New Mexico,,,Jr,6-2,2025,0,112.7,29.1,0.0,0.0,0.0,0.0,0.0,0.0,0.0,35.8,0.0,0.0,0.0,1.45,88.7
24,Jason Edwards,Vanderbilt,,,Jr,6-1,2025,0,112.6,29.6,0.0,0.0,31.9,0.0,0.0,0.0,0.0,0.0,0.0,0.0,0.0,0.0,0.0
25,Blaise Threatt,Weber St.,,,Sr,6-3,2025,0,112.4,30.5,0.0,0.0,31.1,0.0,0.0,0.0,0.0,30.5,0.0,0.0,0.0,0.0,85.7
26,Barrington Hargress,UC Riverside,,,So,6-0,2025,0,112.0,31.4,0.0,0.0,34.7,0.0,0.0,0.0,0.0,29.7,0.0,0.0,0.0,0.0,0.0
27,Hunter Dickinson,Kansas,,,Sr,7-2,2025,0,111.4,0.0,0.0,0.0,0.0,0.0,0.0,0.0,0.0,0.0,0.0,0.0,25.2,0.0,0.0
28,Jamal Mashburn,Temple,,,Sr,6-2,2025,0,110.5,29.0,0.0,0.0,33.6,0.0,0.0,0.0,0.0,0.0,0.0,0.0,0.0,1.47,0.0
29,Mark Freeman,James Madison,,,Sr,5-11,2025,0,110.2,28.9,0.0,0.0,30.0,0.0,0.0,0.0,0.0,0.0,0.0,0.0,0.0,0.0,0.0
30,Austin Benigni,Navy,,,Jr,5-10,2025,0,110.2,30.1,0.0,0.0,0.0,0.0,0.0,0.0,0.0,0.0,0.0,0.0,0.0,0.0,85.3
31,Maxime Raynaud,Stanford,,,Sr,7-1,2025,0,110.1,30.2,0.0,0.0,32.8,0.0,0.0,0.0,0.0,0.0,0.0,0.0,28.8,0.0,0.0
32,Jalen Jackson,Purdue Fort Wayne,,,Jr,6-2,2025,0,110.0,31.4,0.0,0.0,29.8,0.0,0.0,0.0,0.0,0.0,0.0,0.0,0.0,0.0,0.0
33,Marquel Sutton,Nebraska Omaha,,,Sr,6-8,2025,0,109.9,0.0,0.0,0.0,0.0,0.0,0.0,0.0,0.0,0.0,0.0,0.0,0.0,0.0,0.0
34,Sincere Parker,McNeese,,,Jr,6-3,2025,0,109.6,29.0,0.0,0.0,36.5,0.0,0.0,0.0,0.0,0.0,8.2,0.0,0.0,0.0,0.0
35,Ray'Sean Taylor,SIUE,,,Sr,6-1,2025,0,109.2,29.8,0.0,0.0,30.2,0.0,0.0,0.0,0.0,0.0,0.0,0.0,0.0,0.0,0.0
36,Jaden Daughtry,Indiana St.,,,So,6-7,2025,0,109.1,29.8,0.0,0.0,30.8,0.0,0.0,0.0,0.0,0.0,0.0,0.0,0.0,0.0,0.0
37,Chase Forte,South Dakota,,,Sr,6-4,2025,0,109.1,33.5,0.0,0.0,30.3,61.6,0.0,0.0,0.0,0.0,0.0,0.0,0.0,0.0,0.0
38,Jaden Seymour,East Tennessee St.,,,Sr,6-8,2025,0,108.2,0.0,0.0,0.0,0.0,0.0,0.0,0.0,0.0,0.0,0.0,0.0,0.0,0.0,0.0
39,Jordan Marsh,UNC Asheville,,,So,5-10,2025,0,107.9,34.3,0.0,0.0,36.2,0.0,0.0,0.0,0.0,0.0,0.0,0.0,0.0,0.0,0.0
40,Trent McLaughlin,Northern Arizona,,,Sr,6-6,2025,0,107.8,29.3,0.0,0.0,32.4,0.0,0.0,0.0,0.0,0.0,0.0,0.0,0.0,0.0,93.8
41,Milos Ilic,Loyola MD,,,Sr,6-10,2025,0,107.4,30.4,0.0,0.0,0.0,0.0,0.0,0.0,0.0,0.0,0.0,0.0,22.7,0.0,0.0
42,Markus Burton,Notre Dame,,,So,6-0,2025,0,107.4,33.4,0.0,0.0,36.0,0.0,0.0,0.0,0.0,0.0,0.0,0.0,0.0,0.0,0.0
43,Reed Bailey,Davidson,,,Jr,6-10,2025,0,107.4,32.1,0.0,0.0,0.0,0.0,0.0,0.0,0.0,0.0,0.0,0.0,0.0,0.0,0.0
44,TK Simpkins,Elon,,,Jr,6-4,2025,0,107.2,29.0,0.0,0.0,31.1,0.0,0.0,0.0,0.0,0.0,0.0,0.0,0.0,0.0,0.0
45,Jacob Holt,Sacramento St.,,,Sr,6-10,2025,0,107.2,30.3,0.0,0.0,0.0,54.8,0.0,0.0,0.0,0.0,0.0,0.0,0.0,0.0,0.0
46,Colby Duggan,Campbell,,,So,6-7,2025,0,107.2,0.0,0.0,0.0,31.9,0.0,0.0,0.0,0.0,0.0,0.0,0.0,0.0,0.0,0.0
47,Terri Miller,Portland St.,,,Sr,6-8,2025,0,106.9,29.5,0.0,0.0,30.9,0.0,0.0,0.0,0.0,0.0,0.0,0.0,0.0,0.0,0.0
48,Jamir Watkins,Florida St.,,,Sr,6-7,2025,0,105.7,30.2,0.0,0.0,0.0,59.0,0.0,0.0,0.0,0.0,0.0,0.0,0.0,0.0,0.0
49,Jaron Pierre,Jacksonville St.,,,Sr,6-5,2025,0,105.5,30.5,0.0,0.0,32.1,0.0,0.0,0.0,0.0,0.0,0.0,0.0,0.0,1.68,94.8
50,Jeremiah Fears,Oklahoma,,,Fr,6-4,2025,0,105.4,32.0,0.0,0.0,0.0,0.0,0.0,0.0,0.0,28.7,0.0,0.0,0.0,0.0,0.0
51,Sterling Young,Florida A&M,,,Sr,6-1,2025,0,105.0,31.8,0.0,0.0,35.5,0.0,0.0,0.0,0.0,0.0,0.0,0.0,0.0,0.0,0.0
52,Joe Bamisile,VCU,,,Sr,6-4,2025,0,104.8,29.2,0.0,0.0,31.8,0.0,0.0,0.0,0.0,0.0,0.0,0.0,0.0,0.0,0.0
53,Noah Williamson,Bucknell,,,Jr,7-0,2025,0,104.5,31.0,0.0,0.0,0.0,63.2,0.0,0.0,0.0,0.0,0.0,0.0,25.1,0.0,0.0
54,Devontae Blanton,Eastern Kentucky,,,Sr,6-6,2025,0,104.4,29.5,0.0,0.0,29.8,0.0,0.0,0.0,0.0,0.0,0.0,0.0,0.0,0.0,87.0
55,Brandon Walker,Montana St.,,,Jr,6-7,2025,0,104.2,35.9,0.0,0.0,36.3,0.0,0.0,0.0,0.0,0.0,0.0,0.0,0.0,0.0,0.0
56,Jaland Lowe,Pittsburgh,,,So,6-3,2025,0,104.0,29.7,0.0,0.0,0.0,0.0,0.0,0.0,0.0,31.0,0.0,0.0,0.0,0.0,85.3
57,George Kimble,Eastern Kentucky,,,So,6-2,2025,0,103.9,31.9,0.0,0.0,31.2,0.0,0.0,0.0,0.0,0.0,0.0,0.0,0.0,0.0,0.0
58,Jalin Anderson,Incarnate Word,,,Sr,6-3,2025,0,103.6,0.0,0.0,0.0,0.0,0.0,0.0,0.0,0.0,0.0,0.0,0.0,0.0,0.0,0.0
59,Jackie Johnson,Fordham,,,Sr,5-11,2025,0,103.5,31.0,0.0,0.0,35.8,0.0,0.0,0.0,0.0,0.0,0.0,0.0,0.0,0.0,0.0
60,Kory Mincy,Presbyterian,,,So,6-2,2025,0,103.3,0.0,0.0,0.0,0.0,0.0,0.0,0.0,0.0,0.0,0.0,0.0,0.0,0.0,0.0
61,Primo Spears,UTSA,,,Sr,6-3,2025,0,103.2,28.8,0.0,0.0,30.4,0.0,0.0,0.0,0.0,0.0,0.0,0.0,0.0,0.0,88.9
62,Zarique Nutter,Georgia St.,,,Sr,6-7,2025,0,103.2,28.6,0.0,0.0,0.0,0.0,0.0,0.0,0.0,0.0,0.0,0.0,0.0,0.0,0.0
63,Desmond Claude,USC,,,Jr,6-6,2025,0,103.2,0.0,0.0,0.0,0.0,0.0,0.0,0.0,0.0,0.0,0.0,0.0,0.0,0.0,0.0
64,Chansey Willis,Western Michigan,,,Jr,6-2,2025,0,103.2,30.4,0.0,0.0,0.0,0.0,0.0,0.0,0.0,38.5,0.0,0.0,0.0,0.0,0.0
65,Myles Tate,Appalachian St.,,,Sr,6-0,2025,0,102.9,30.0,0.0,0.0,30.2,0.0,0.0,0.0,0.0,35.9,0.0,0.0,0.0,0.0,89.9
66,Jalen Haynes,George Mason,,,Sr,6-8,2025,0,102.8,30.8,0.0,0.0,29.9,0.0,0.0,0.0,0.0,0.0,0.0,0.0,0.0,0.0,0.0
67,Matthew-Alexander Moncrieffe,Seattle,,,Sr,6-8,2025,0,102.8,29.1,0.0,0.0,0.0,82.2,0.0,0.0,0.0,0.0,0.0,0.0,30.1,0.0,0.0
68,Robert Smith,Delaware St.,,,Sr,6-1,2025,0,102.8,0.0,0.0,0.0,32.1,0.0,0.0,0.0,0.0,0.0,0.0,0.0,0.0,0.0,0.0
69,Dominique Daniels,Cal Baptist,,,Sr,5-10,2025,0,102.6,30.6,0.0,0.0,35.0,0.0,0.0,0.0,0.0,0.0,0.0,0.0,0.0,0.0,0.0
70,Paul McMillan,Canisius,,,Jr,6-3,2025,0,102.6,31.4,0.0,0.0,32.8,0.0,0.0,0.0,0.0,0.0,0.0,0.0,0.0,1.68,0.0
71,Amarri Monroe,Quinnipiac,,,Jr,6-7,2025,0,102.3,0.0,0.0,0.0,30.6,0.0,0.0,0.0,0.0,0.0,0.0,0.0,23.8,0.0,0.0
72,Don McHenry,Western Kentucky,,,Sr,6-2,2025,0,102.0,0.0,0.0,0.0,32.0,0.0,0.0,0.0,0.0,0.0,0.0,0.0,0.0,0.0,0.0
73,Taje' Kelly,Charleston Southern,,,Sr,6-7,2025,0,102.0,29.8,0.0,0.0,30.3,0.0,0.0,0.0,0.0,0.0,0.0,0.0,0.0,0.0,91.3
74,Jakevion Buckley,Southeastern Louisiana,,,Sr,6-1,2025,0,101.9,28.7,0.0,0.0,0.0,0.0,0.0,0.0,0.0,28.9,0.0,0.0,0.0,0.0,0.0
75,Nick Spinoso,Penn,,,Sr,6-9,2025,0,101.8,29.3,0.0,0.0,0.0,0.0,0.0,0.0,0.0,0.0,0.0,0.0,0.0,0.0,0.0
76,Sasa Ciani,Illinois Chicago,,,So,6-9,2025,0,101.7,0.0,0.0,0.0,0.0,0.0,0.0,0.0,0.0,0.0,0.0,14.8,29.3,0.0,0.0
77,Adam Clark,Merrimack,,,So,5-10,2025,0,101.6,35.7,0.0,0.0,33.7,0.0,0.0,0.0,0.0,42.6,0.0,0.0,0.0,0.0,91.7
78,Jalen Rucker,Army,,,Sr,5-10,2025,0,101.6,29.1,0.0,0.0,31.7,0.0,0.0,0.0,0.0,0.0,0.0,0.0,0.0,0.0,0.0
79,Brooks Barnhizer,Northwestern,,,Sr,6-6,2025,0,101.6,0.0,0.0,0.0,0.0,0.0,0.0,0.0,0.0,0.0,0.0,0.0,24.6,0.0,0.0
80,Jizzle James,Cincinnati,,,So,6-3,2025,0,101.5,0.0,0.0,0.0,30.6,0.0,0.0,0.0,0.0,0.0,0.0,0.0,0.0,0.0,0.0
81,Da'Sean Nelson,Eastern Michigan,,,Sr,6-8,2025,0,101.4,31.5,0.0,0.0,0.0,0.0,0.0,0.0,0.0,0.0,0.0,0.0,0.0,0.0,0.0
82,Doctor Bradley,Arkansas Pine Bluff,,,Jr,6-8,2025,0,101.3,30.4,0.0,0.0,0.0,0.0,0.0,0.0,0.0,28.8,0.0,0.0,24.2,0.0,0.0
83,Mister Dean,USC Upstate,,,Fr,6-6,2025,0,101.3,31.8,0.0,0.0,31.4,0.0,0.0,0.0,0.0,0.0,0.0,0.0,0.0,0.0,0.0
84,Devin Askew,Long Beach St.,,,Sr,6-5,2025,0,100.9,31.4,0.0,0.0,32.4,0.0,0.0,0.0,0.0,30.5,0.0,0.0,0.0,0.0,90.5
85,Jack Doumbia,Wright St.,,,Sr,6-6,2025,0,100.9,0.0,0.0,0.0,0.0,0.0,0.0,0.0,0.0,0.0,0.0,0.0,0.0,0.0,0.0
86,Robert McCray V,Jacksonville,,,Jr,6-4,2025,0,100.8,32.3,0.0,0.0,31.9,0.0,0.0,0.0,0.0,31.9,0.0,0.0,0.0,0.0,0.0
87,Daeshun Ruffin,Jackson St.,,,Jr,5-11,2025,0,100.2,0.0,0.0,0.0,0.0,0.0,0.0,0.0,0.0,29.4,0.0,0.0,0.0,0.0,0.0
88,Abdi Bashir,Monmouth,,,So,6-7,2025,0,99.9,31.7,0.0,0.0,37.6,0.0,0.0,0.0,0.0,0.0,0.0,0.0,0.0,1.61,0.0
89,Great Osobor,Washington,,,Sr,6-8,2025,0,99.6,29.6,0.0,0.0,0.0,58.6,0.0,0.0,0.0,0.0,0.0,0.0,0.0,0.0,0.0
90,Julian Mackey,Houston Christian,,,Sr,6-2,2025,0,99.5,30.8,0.0,0.0,32.2,0.0,0.0,0.0,0.0,0.0,0.0,0.0,0.0,0.0,0.0
91,Mehki Ellison,Stetson,,,Jr,6-0,2025,0,99.2,0.0,0.0,0.0,0.0,0.0,0.0,0.0,0.0,0.0,0.0,0.0,0.0,0.0,0.0
92,JJ Starling,Syracuse,,,Jr,6-4,2025,0,98.9,0.0,0.0,0.0,31.8,0.0,0.0,0.0,0.0,0.0,0.0,0.0,0.0,0.0,0.0
93,Money Williams,Montana,,,So,6-4,2025,0,98.8,30.0,0.0,0.0,0.0,0.0,0.0,0.0,0.0,0.0,0.0,0.0,0.0,0.0,0.0
94,Addison Patterson,Northwestern St.,,,Jr,6-7,2025,0,98.0,0.0,0.0,0.0,0.0,0.0,0.0,0.0,0.0,0.0,0.0,0.0,0.0,0.0,0.0
95,Mostapha El Moutaouakkil,Louisiana,,,Jr,6-6,2025,0,97.9,32.6,0.0,0.0,30.2,55.0,0.0,0.0,0.0,0.0,0.0,0.0,0.0,0.0,0.0
96,Brayon Freeman,Bethune Cookman,,,Sr,6-2,2025,0,97.9,29.6,0.0,0.0,33.3,0.0,0.0,0.0,0.0,0.0,0.0,0.0,0.0,0.0,0.0
97,Ryan Cornish,Dartmouth,,,Sr,6-4,2025,0,97.8,31.9,0.0,0.0,30.7,0.0,0.0,0.0,0.0,0.0,0.0,0.0,0.0,0.0,0.0
98,Ahmad Robinson,Mercer,,,Sr,5-10,2025,0,97.6,31.9,0.0,0.0,0.0,0.0,0.0,0.0,0.0,31.8,0.0,0.0,0.0,0.0,0.0
99,Sebastian Akins,Denver,,,Fr,6-2,2025,0,97.5,29.0,0.0,0.0,31.4,0.0,0.0,0.0,0.0,0.0,0.0,0.0,0.0,0.0,0.0
100,James White,New Orleans,,,Sr,6-5,2025,0,97.1,29.7,0.0,0.0,34.7,0.0,0.0,0.0,0.0,0.0,0.0,0.0,0.0,1.36,0.0
102,Bennett Stirtz,Drake,,,Jr,6-4,2025,0,126.4,0.0,0.0,0.0,0.0,0.0,0.0,0.0,0.0,34.0,0.0,0.0,0.0,1.5,98.8
103,AK Okereke,Cornell,,,Jr,6-7,2025,0,125.9,0.0,61.9,66.0,0.0,0.0,0.0,0.0,0.0,28.6,0.0,0.0,0.0,0.0,0.0
104,Braden Huff,Gonzaga,,,So,6-10,2025,0,125.2,0.0,0.0,0.0,32.9,0.0,0.0,0.0,0.0,0.0,6.1,0.0,0.0,0.0,0.0
105,Nick Townsend,Yale,,,Jr,6-7,2025,0,125.2,0.0,0.0,0.0,0.0,0.0,0.0,0.0,0.0,0.0,0.0,0.0,0.0,0.0,0.0
108,Bent Leuchten,UC Irvine,,,Sr,7-1,2025,0,124.5,0.0,0.0,64.5,0.0,76.4,0.0,0.0,0.0,0.0,0.0,0.0,25.3,0.0,0.0
109,John Tonje,Wisconsin,,,Sr,6-5,2025,0,123.8,0.0,0.0,64.7,0.0,57.9,0.0,0.0,0.0,0.0,0.0,0.0,0.0,0.0,0.0
110,Jacob Ognacevic,Lipscomb,,,Sr,6-8,2025,0,123.8,0.0,63.1,67.3,0.0,0.0,0.0,0.0,0.0,0.0,0.0,0.0,0.0,0.0,86.0
111,Essam Mostafa,Middle Tennessee,,,Sr,6-9,2025,0,123.8,0.0,60.5,0.0,0.0,0.0,0.0,0.0,0.0,0.0,0.0,13.4,23.0,0.0,0.0
112,Yaxel Lendeborg,UAB,,,Sr,6-9,2025,0,123.7,0.0,0.0,0.0,0.0,0.0,0.0,0.0,0.0,0.0,0.0,0.0,25.1,0.0,0.0
114,Daniel Batcho,Louisiana Tech,,,Sr,6-11,2025,0,122.4,0.0,66.7,69.6,0.0,75.0,0.0,0.0,0.0,0.0,0.0,0.0,0.0,0.0,0.0
115,JJ White,Nebraska Omaha,,,Sr,6-2,2025,0,122.2,0.0,0.0,62.8,0.0,0.0,0.0,0.0,0.0,29.5,0.0,0.0,0.0,0.0,0.0
116,Walter Clayton,Florida,,,Sr,6-3,2025,0,122.2,0.0,0.0,0.0,0.0,0.0,0.0,0.0,0.0,0.0,0.0,0.0,0.0,0.0,0.0
117,Brian Moore,Norfolk St.,,,Sr,6-2,2025,0,121.6,0.0,0.0,0.0,0.0,0.0,0.0,0.0,0.0,0.0,0.0,0.0,0.0,0.0,0.0
120,Kelton Talford,Winthrop,,,Sr,6-7,2025,0,120.7,0.0,63.0,64.8,0.0,74.1,0.0,0.0,0.0,0.0,0.0,13.1,0.0,0.0,0.0
121,Josh Hubbard,Mississippi St.,,,So,5-11,2025,0,120.3,0.0,0.0,0.0,0.0,0.0,0.0,0.0,0.0,0.0,8.8,0.0,0.0,0.0,0.0
122,Matas Vokietaitis,Florida Atlantic,,,Fr,7-0,2025,0,120.2,0.0,0.0,0.0,0.0,0.0,0.0,0.0,0.0,0.0,0.0,14.0,0.0,0.0,0.0
123,Ian Martinez,Utah St.,,,Sr,6-3,2025,0,120.1,0.0,0.0,0.0,0.0,0.0,0.0,0.0,0.0,0.0,0.0,0.0,0.0,0.0,0.0
125,Tajavis Miller,North Dakota St.,,,Jr,6-4,2025,0,119.5,0.0,0.0,0.0,0.0,0.0,0.0,0.0,0.0,0.0,0.0,0.0,0.0,0.0,0.0
126,Matthew Cleveland,Miami FL,,,Sr,6-7,2025,0,119.4,0.0,0.0,0.0,0.0,0.0,0.0,0.0,0.0,0.0,0.0,0.0,0.0,0.0,0.0
127,Trey Fort,Samford,,,Sr,6-4,2025,0,119.4,0.0,0.0,0.0,0.0,0.0,0.0,0.0,0.0,0.0,0.0,0.0,0.0,0.0,0.0
128,Norchad Omier,Baylor,,,Sr,6-7,2025,0,119.3,0.0,0.0,62.1,0.0,0.0,0.0,0.0,0.0,0.0,0.0,14.5,25.5,0.0,0.0
130,Jeff Woodward,Colgate,,,Sr,6-11,2025,0,119.1,0.0,0.0,0.0,0.0,0.0,0.0,0.0,0.0,0.0,0.0,0.0,23.4,0.0,0.0
132,Lamar Wilkerson,Sam Houston St.,,,Sr,6-5,2025,0,118.7,0.0,0.0,0.0,30.8,0.0,0.0,0.0,0.0,0.0,0.0,0.0,0.0,0.0,87.9
133,Kimani Hamilton,High Point,,,Jr,6-8,2025,0,118.5,0.0,0.0,0.0,0.0,0.0,0.0,0.0,0.0,0.0,0.0,0.0,0.0,0.0,0.0
135,Quimari Peterson,East Tennessee St.,,,Sr,6-1,2025,0,118.4,0.0,0.0,0.0,0.0,0.0,0.0,0.0,0.0,0.0,0.0,0.0,0.0,0.0,89.0
136,Jaden Brownell,Samford,,,Jr,6-9,2025,0,118.3,0.0,0.0,0.0,32.9,0.0,0.0,0.0,0.0,0.0,0.0,0.0,0.0,0.0,0.0
137,Kezza Giffa,High Point,,,Sr,6-2,2025,0,118.3,0.0,0.0,0.0,0.0,55.7,0.0,0.0,0.0,0.0,0.0,0.0,0.0,0.0,0.0
138,Ugnius Jarusevicius,Central Michigan,,,Jr,6-10,2025,0,118.3,0.0,0.0,0.0,0.0,0.0,0.0,0.0,0.0,0.0,0.0,0.0,0.0,0.0,0.0
139,Nate Bittle,Oregon,,,Sr,7-0,2025,0,118.2,0.0,0.0,0.0,0.0,0.0,0.0,0.0,0.0,0.0,0.0,0.0,23.0,0.0,0.0
142,Christoph Tilly,Santa Clara,,,Jr,7-0,2025,0,117.8,0.0,0.0,0.0,0.0,0.0,0.0,0.0,0.0,0.0,0.0,0.0,0.0,0.0,0.0
143,Tre Carroll,Florida Atlantic,,,Jr,6-7,2025,0,117.8,0.0,0.0,0.0,0.0,0.0,0.0,0.0,0.0,0.0,0.0,0.0,0.0,0.0,0.0
144,Tytan Anderson,Northern Iowa,,,Sr,6-6,2025,0,117.5,0.0,59.5,62.8,0.0,67.9,0.0,0.0,0.0,0.0,0.0,0.0,0.0,0.0,0.0
145,Gytis Nemeiksa,Hawaii,,,Sr,6-8,2025,0,117.4,0.0,0.0,0.0,0.0,0.0,0.0,0.0,0.0,0.0,0.0,0.0,0.0,0.0,0.0
146,Vladislav Goldin,Michigan,,,Sr,7-1,2025,0,117.3,0.0,62.2,65.4,0.0,59.8,0.0,0.0,0.0,0.0,0.0,0.0,0.0,0.0,0.0
147,Curtis Jones,Iowa St.,,,Sr,6-4,2025,0,117.3,0.0,0.0,0.0,30.8,0.0,0.0,0.0,0.0,0.0,0.0,0.0,0.0,0.0,0.0
148,Andrew Cook,Eastern Washington,,,Sr,6-4,2025,0,117.1,0.0,0.0,0.0,0.0,0.0,0.0,0.0,0.0,0.0,0.0,0.0,0.0,0.0,0.0
149,Josh Harris,North Florida,,,Fr,6-8,2025,0,117.1,0.0,0.0,0.0,0.0,0.0,0.0,0.0,0.0,0.0,0.0,13.0,0.0,0.0,0.0
150,Brandon Noel,Wright St.,,,Jr,6-8,2025,0,117.0,0.0,59.7,62.3,0.0,0.0,0.0,0.0,0.0,0.0,0.0,0.0,0.0,0.0,0.0
151,Jacari White,North Dakota St.,,,Sr,6-3,2025,0,116.9,0.0,0.0,0.0,0.0,0.0,0.0,0.0,0.0,0.0,0.0,0.0,0.0,0.0,0.0
153,Nique Clifford,Colorado St.,,,Sr,6-6,2025,0,116.6,0.0,0.0,0.0,0.0,0.0,0.0,0.0,0.0,0.0,0.0,0.0,26.0,0.0,87.5
154,Parsa Fallah,Oregon St.,,,Jr,6-9,2025,0,116.6,0.0,0.0,0.0,0.0,0.0,0.0,0.0,0.0,0.0,0.0,0.0,0.0,0.0,0.0
155,Paul Zilinskas,IU Indy,,,Sr,6-5,2025,0,116.5,0.0,0.0,0.0,0.0,0.0,0.0,0.0,0.0,0.0,0.0,0.0,0.0,0.0,0.0
156,Dawson Garcia,Minnesota,,,Sr,6-11,2025,0,116.5,0.0,0.0,0.0,0.0,0.0,0.0,0.0,0.0,0.0,0.0,0.0,0.0,0.0,86.8
157,PJay Smith,Furman,,,Sr,6-0,2025,0,116.2,0.0,0.0,0.0,0.0,0.0,0.0,0.0,0.0,0.0,0.0,0.0,0.0,0.0,0.0
158,Mark Sears,Alabama,,,Sr,6-1,2025,0,116.2,0.0,0.0,0.0,0.0,0.0,0.0,0.0,0.0,0.0,0.0,0.0,0.0,0.0,0.0
159,Malique Ewin,Florida St.,,,Jr,6-11,2025,0,116.1,0.0,59.6,0.0,0.0,0.0,0.0,0.0,0.0,0.0,0.0,13.7,0.0,0.0,0.0
160,Adou Thiero,Arkansas,,,Jr,6-8,2025,0,116.1,0.0,0.0,0.0,0.0,0.0,0.0,0.0,0.0,0.0,0.0,0.0,0.0,0.0,0.0
161,Braden Smith,Purdue,,,Jr,6-0,2025,0,116.0,0.0,0.0,0.0,0.0,0.0,0.0,0.0,0.0,44.2,0.0,0.0,0.0,0.0,92.4
162,Brenen Lorient,North Texas,,,Jr,6-9,2025,0,116.0,0.0,0.0,0.0,0.0,0.0,0.0,0.0,0.0,0.0,0.0,0.0,0.0,0.0,0.0
163,Nick Davidson,Nevada,,,Jr,6-10,2025,0,115.8,0.0,0.0,0.0,0.0,0.0,0.0,0.0,0.0,0.0,0.0,0.0,0.0,0.0,0.0
164,VJ Edgecombe,Baylor,,,Fr,6-5,2025,0,115.8,0.0,0.0,0.0,0.0,0.0,0.0,0.0,0.0,0.0,0.0,0.0,0.0,0.0,0.0
165,Ronald Polite,UNC Greensboro,,,Sr,6-2,2025,0,115.8,0.0,0.0,0.0,0.0,0.0,0.0,0.0,0.0,0.0,0.0,0.0,0.0,0.0,0.0
166,Collin Murray-Boyles,South Carolina,,,So,6-8,2025,0,115.8,0.0,59.9,63.0,0.0,55.6,0.0,0.0,0.0,0.0,0.0,0.0,23.7,0.0,0.0
167,Kobe Sanders,Nevada,,,Sr,6-9,2025,0,115.7,0.0,0.0,0.0,0.0,0.0,0.0,0.0,0.0,30.0,0.0,0.0,0.0,0.0,0.0
168,AC Bryant,Alabama A&M,,,Jr,6-3,2025,0,115.7,0.0,0.0,0.0,0.0,0.0,0.0,0.0,0.0,0.0,0.0,0.0,0.0,0.0,0.0
169,CJ Luster,Stony Brook,,,Jr,6-3,2025,0,115.7,0.0,0.0,0.0,0.0,0.0,0.0,0.0,0.0,0.0,0.0,0.0,0.0,0.0,0.0
170,Payton Sparks,Ball St.,,,Sr,6-10,2025,0,115.7,0.0,0.0,0.0,0.0,86.4,0.0,0.0,0.0,0.0,0.0,13.5,22.7,0.0,0.0
171,Chaz Lanier,Tennessee,,,Sr,6-5,2025,0,115.5,0.0,0.0,0.0,33.7,0.0,0.0,0.0,0.0,0.0,8.8,0.0,0.0,0.0,0.0
172,Brice Williams,Nebraska,,,Sr,6-7,2025,0,115.4,0.0,0.0,0.0,0.0,0.0,0.0,0.0,0.0,0.0,0.0,0.0,0.0,0.0,0.0
173,Chucky Hepburn,Louisville,,,Sr,6-2,2025,0,115.2,0.0,0.0,0.0,0.0,0.0,0.0,0.0,0.0,31.4,0.0,0.0,0.0,0.0,0.0
175,Zeb Jackson,VCU,,,Sr,6-5,2025,0,115.1,0.0,0.0,0.0,0.0,0.0,0.0,0.0,0.0,0.0,0.0,0.0,0.0,0.0,0.0
177,Nik Graves,Charlotte,,,Jr,6-3,2025,0,115.0,0.0,0.0,0.0,0.0,58.9,0.0,0.0,0.0,0.0,9.1,0.0,0.0,0.0,0.0
178,Zakai Zeigler,Tennessee,,,Sr,5-9,2025,0,114.8,0.0,0.0,0.0,0.0,0.0,0.0,0.0,0.0,41.9,0.0,0.0,0.0,0.0,0.0
179,Darrion Williams,Texas Tech,,,Jr,6-6,2025,0,114.8,0.0,0.0,0.0,0.0,0.0,0.0,0.0,0.0,0.0,0.0,0.0,0.0,0.0,0.0
180,Mark Mitchell,Missouri,,,Jr,6-9,2025,0,114.7,0.0,0.0,0.0,0.0,70.4,0.0,0.0,0.0,0.0,0.0,0.0,0.0,0.0,0.0
182,Adante' Holiman,Georgia Southern,,,Jr,6-0,2025,0,114.6,0.0,0.0,0.0,0.0,0.0,0.0,0.0,0.0,0.0,0.0,0.0,0.0,0.0,0.0
183,Viktor Lakhin,Clemson,,,Sr,6-11,2025,0,114.6,0.0,0.0,0.0,0.0,0.0,0.0,0.0,0.0,0.0,0.0,0.0,0.0,0.0,0.0
184,Jacari Lane,North Alabama,,,Jr,6-0,2025,0,114.2,0.0,0.0,0.0,0.0,0.0,0.0,0.0,0.0,0.0,0.0,0.0,0.0,0.0,85.6
185,Isaac Bruns,South Dakota,,,So,6-4,2025,0,114.2,0.0,0.0,0.0,0.0,0.0,0.0,0.0,0.0,0.0,0.0,0.0,0.0,0.0,0.0
186,Marcus Williams,San Francisco,,,Sr,6-2,2025,0,114.1,0.0,0.0,0.0,0.0,0.0,0.0,0.0,0.0,29.0,0.0,0.0,0.0,0.0,0.0
187,Malik Reneau,Indiana,,,Jr,6-9,2025,0,114.1,0.0,0.0,0.0,0.0,0.0,0.0,0.0,0.0,0.0,0.0,0.0,0.0,0.0,0.0
188,Isaiah Hawthorne,Northern Colorado,,,Sr,6-8,2025,0,114.0,0.0,0.0,0.0,0.0,0.0,0.0,0.0,0.0,0.0,0.0,0.0,0.0,0.0,0.0
189,Obi Agbim,Wyoming,,,Sr,6-3,2025,0,114.0,0.0,0.0,0.0,0.0,0.0,0.0,0.0,0.0,0.0,0.0,0.0,0.0,0.0,0.0
190,Stephan Swenson,UC Santa Barbara,,,Sr,6-2,2025,0,114.0,0.0,0.0,0.0,0.0,0.0,0.0,0.0,0.0,29.9,0.0,0.0,0.0,0.0,0.0
191,Nazir Williams,Cornell,,,Sr,6-3,2025,0,113.7,0.0,0.0,62.2,0.0,0.0,0.0,0.0,0.0,0.0,0.0,0.0,0.0,0.0,0.0
192,Dre Bullock,South Dakota,,,Sr,6-6,2025,0,113.6,0.0,0.0,0.0,0.0,0.0,0.0,0.0,0.0,0.0,0.0,0.0,0.0,0.0,0.0
193,Otega Oweh,Kentucky,,,Jr,6-4,2025,0,113.6,0.0,0.0,0.0,0.0,0.0,0.0,0.0,0.0,0.0,0.0,0.0,0.0,0.0,0.0
196,Derik Queen,Maryland,,,Fr,6-10,2025,0,113.4,0.0,0.0,0.0,0.0,54.6,0.0,0.0,0.0,0.0,0.0,0.0,24.6,0.0,0.0
198,Kyler Filewich,Wofford,,,Sr,6-9,2025,0,113.3,0.0,0.0,0.0,0.0,0.0,0.0,0.0,0.0,0.0,0.0,15.3,23.9,0.0,0.0
199,Tyler McGhie,UC San Diego,,,Sr,6-5,2025,0,113.2,0.0,0.0,0.0,31.0,0.0,0.0,0.0,0.0,0.0,5.8,0.0,0.0,0.0,0.0
2,Mitch Mascari,Drake,,,Sr,6-5,2025,0,0.0,0.0,0.0,0.0,0.0,0.0,0.0,0.0,0.0,0.0,0.0,0.0,0.0,0.0,96.7
4,Gibson Jimerson,Saint Louis,,,Sr,6-5,2025,0,0.0,0.0,0.0,0.0,0.0,0.0,0.0,0.0,0.0,0.0,8.6,0.0,0.0,1.47,94.7
6,Melvin Council,St. Bonaventure,,,Sr,6-4,2025,0,0.0,0.0,0.0,0.0,0.0,0.0,0.0,0.0,0.0,0.0,0.0,0.0,0.0,0.0,93.2
7,Quinton Mincey,UMass Lowell,,,Sr,6-6,2025,0,0.0,0.0,0.0,0.0,0.0,0.0,0.0,0.0,0.0,0.0,0.0,0.0,0.0,1.29,93.0
8,Nick Martinelli,Northwestern,,,Jr,6-7,2025,0,0.0,0.0,0.0,0.0,0.0,0.0,0.0,0.0,0.0,0.0,0.0,0.0,0.0,0.0,92.7
10,Johnathan Lawson,Little Rock,,,Jr,6-7,2025,0,0.0,0.0,0.0,0.0,0.0,0.0,0.0,0.0,0.0,0.0,0.0,0.0,0.0,0.0,92.2
11,Jakobi Heady,Central Michigan,,,Sr,6-6,2025,0,0.0,0.0,0.0,0.0,0.0,0.0,0.0,0.0,0.0,0.0,0.0,0.0,0.0,1.64,91.8
13,Isaiah Swope,Saint Louis,,,Sr,5-10,2025,0,0.0,0.0,0.0,0.0,0.0,0.0,0.0,0.0,0.0,0.0,0.0,0.0,0.0,0.0,91.6
14,Anthony Pritchard,Central Michigan,,,Sr,6-2,2025,0,0.0,0.0,0.0,0.0,0.0,0.0,0.0,0.0,0.0,30.1,0.0,0.0,0.0,0.0,91.4
16,Luke Barrett,Saint Mary's,,,Sr,6-6,2025,0,0.0,0.0,0.0,0.0,0.0,0.0,0.0,0.0,0.0,0.0,0.0,0.0,0.0,0.0,91.2
17,Rashad King,Northeastern,,,Jr,6-6,2025,0,0.0,0.0,0.0,0.0,0.0,0.0,0.0,0.0,0.0,0.0,0.0,0.0,0.0,0.0,91.1
18,Jahnathan Lamothe,North Carolina A&T,,,So,6-4,2025,0,0.0,0.0,0.0,0.0,0.0,0.0,0.0,0.0,0.0,0.0,0.0,0.0,0.0,0.0,91.0
19,Kino Lilly,Brown,,,Sr,6-0,2025,0,0.0,0.0,0.0,0.0,0.0,0.0,0.0,0.0,0.0,0.0,0.0,0.0,0.0,1.25,90.9
20,Tayshawn Comer,Evansville,,,Jr,6-1,2025,0,0.0,28.7,0.0,0.0,0.0,0.0,0.0,0.0,0.0,0.0,0.0,0.0,0.0,0.0,90.9
21,Issac McBride,Oral Roberts,,,Sr,6-0,2025,0,0.0,0.0,0.0,0.0,0.0,0.0,0.0,0.0,0.0,0.0,0.0,0.0,0.0,0.0,90.8
22,Honor Huff,Chattanooga,,,Jr,5-10,2025,0,0.0,0.0,0.0,62.5,0.0,0.0,0.0,0.0,0.0,0.0,0.0,0.0,0.0,1.49,90.7
24,Ethan Taylor,Air Force,,,Sr,6-5,2025,0,0.0,0.0,0.0,0.0,0.0,0.0,0.0,0.0,0.0,0.0,0.0,0.0,0.0,0.0,90.6
25,Bubu Benjamin,Tarleton St.,,,So,6-7,2025,0,0.0,0.0,0.0,0.0,0.0,0.0,0.0,0.0,0.0,0.0,0.0,0.0,0.0,0.0,90.6
26,Jalen Terry,Eastern Michigan,,,Sr,6-0,2025,0,0.0,0.0,0.0,0.0,0.0,0.0,0.0,0.0,0.0,0.0,0.0,0.0,0.0,0.0,90.6
28,Tymu Chenery,Binghamton,,,Sr,6-6,2025,0,0.0,0.0,0.0,0.0,0.0,0.0,0.0,0.0,0.0,0.0,0.0,0.0,0.0,0.0,90.0
